<?xml version="1.0" encoding="UTF-8"?>
<!DOCTYPE struts PUBLIC
    "-//Apache Software Foundation//DTD Struts Configuration 2.0//EN"
    "http://struts.apache.org/dtds/struts-2.0.dtd">
<struts>
	<constant name="struts.i18n.encoding" value="UTF-8" />

	<package name="ssMyBatis" extends="struts-default">
		<action name="account" class="com.wt.action.AccountAction">

			<result name="success">index.jsp</result>
		</action>
	</package>
	<package name="User" extends="json-default">  
        <action name="user" class="com.wt.action.AccountAction">
            <result type="json" />   
        </action> 
    </package> 
</struts>
